TitleNumber,Title,WtrPubIndicator,PubType,Participant,Share,IPNameNumber,CurrentAffliation,RegistrationDate,RegistrationOrigin,ISWCNumber,SongviewStatus
41011829,BANDGANG JAVAR FT SADA BABY HOW,P,O,FRONTLINE PRODUCTIONS DETROIT,50.00,00864905897,"BMI     ",12/03/2019,WORKS REGISTRATION,T3236155270,Reconciled
41011829,BANDGANG JAVAR FT SADA BABY HOW,W," ",BAND GANG JAVAR,25.00,00386369412,"ASCAP   ",12/03/2019,WORKS REGISTRATION,T3236155270,Reconciled
41011829,BANDGANG JAVAR FT SADA BABY HOW,P,O,GREAT LAKE ENTERPRISE,25.00,00386369118,"ASCAP   ",12/03/2019,WORKS REGISTRATION,T3236155270,Reconciled
41011829,BANDGANG JAVAR FT SADA BABY HOW,W," ",VON CLASSIC,25.00,00782186121,"BMI     ",12/03/2019,WORKS REGISTRATION,T3236155270,Reconciled
41011829,BANDGANG JAVAR FT SADA BABY HOW,W," ",JONES MARK KENT II MR,25.00,00799159862,"BMI     ",12/03/2019,WORKS REGISTRATION,T3236155270,Reconciled
41011829,BANDGANG JAVAR FT SADA BABY HOW,W," ",SORRELL CASADA AARON,50.00,00816076637,"BMI     ",12/03/2019,WORKS REGISTRATION,T3236155270,Reconciled
41160687,UNAPPRECIATED,P,O,SONGTRUST BLVD,50.00,00615755145,"BMI     ",12/19/2019,WORKS REGISTRATION,T9309852731,Reconciled
41160687,UNAPPRECIATED,P,O,EMPIRE STRIKES FIRST,25.00,00747866487,"BMI     ",12/19/2019,WORKS REGISTRATION,T9309852731,Reconciled
41160687,UNAPPRECIATED,P,O,TF ENTERTAINMENT,25.00,00832610267,"BMI     ",12/19/2019,WORKS REGISTRATION,T9309852731,Reconciled
41160687,UNAPPRECIATED,W," ",JOHNSON DARIUS AUSTIN MR,50.00,00758195203,"BMI     ",12/19/2019,WORKS REGISTRATION,T9309852731,Reconciled
41160687,UNAPPRECIATED,W," ",SORRELL CASADA AARON,25.00,00816076637,"BMI     ",12/19/2019,WORKS REGISTRATION,T9309852731,Reconciled
41160687,UNAPPRECIATED,W," ",SMITH MARC ANTHONY,25.00,00870605926,"BMI     ",12/19/2019,WORKS REGISTRATION,T9309852731,Reconciled
41274333,I REMEMBER,P,O,OUTTA REACH PUBLISHING,50.00,00675019338,"BMI     ",01/10/2020,WORKS REGISTRATION,T9311070878,Reconciled
41274333,I REMEMBER,P,O,EMPIRE STRIKES FIRST,25.00,00747866487,"BMI     ",01/10/2020,WORKS REGISTRATION,T9311070878,Reconciled
41274333,I REMEMBER,P,O,TF ENTERTAINMENT,25.00,00832610267,"BMI     ",01/10/2020,WORKS REGISTRATION,T9311070878,Reconciled
41274333,I REMEMBER,W," ",SORRELL CASADA AARON,25.00,00816076637,"BMI     ",01/10/2020,WORKS REGISTRATION,T9311070878,Reconciled
41274333,I REMEMBER,W," ",BURT JOHNATHAN,50.00,00819375411,"BMI     ",01/10/2020,WORKS REGISTRATION,T9311070878,Reconciled
41274333,I REMEMBER,W," ",WASHINGTON DENZEL THOMAS,25.00,00839001158,"BMI     ",01/10/2020,WORKS REGISTRATION,T9311070878,Reconciled
55131685,WAR ZONE,P,O,SONGTRUST BLVD,50.00,00615755145,"BMI     ",04/04/2022,WORKS REGISTRATION,T3100480175,Reconciled
55131685,WAR ZONE,P,O,EMPIRE STRIKES FIRST,25.00,00747866487,"BMI     ",04/04/2022,WORKS REGISTRATION,T3100480175,Reconciled
55131685,WAR ZONE,P,O,TF ENTERTAINMENT,25.00,00832610267,"BMI     ",04/04/2022,WORKS REGISTRATION,T3100480175,Reconciled
55131685,WAR ZONE,W," ",SORRELL CASADA AARON,25.00,00816076637,"BMI     ",04/04/2022,WORKS REGISTRATION,T3100480175,Reconciled
55131685,WAR ZONE,W," ",WASHINGTON DENZEL THOMAS,25.00,00839001158,"BMI     ",04/04/2022,WORKS REGISTRATION,T3100480175,Reconciled
55131685,WAR ZONE,W," ",RIVAS BERNABE PEREZ III,50.00,01018829357,"BMI     ",04/04/2022,WORKS REGISTRATION,T3100480175,Reconciled
61216104,LOS FLOW,P,O,UNKNOWN PUBLISHER,33.36,00288936892,"NA      ",10/25/2023,WORKS REGISTRATION,"           ",Reconciled
61216104,LOS FLOW,P,O,THESE ARE PULSE SONGS,8.32,00739600727,"BMI     ",10/25/2023,WORKS REGISTRATION,"           ",Reconciled
61216104,LOS FLOW,P,O,AUSGOD MUSIC,8.34,01181639642,"BMI     ",10/25/2023,WORKS REGISTRATION,"           ",Reconciled
61216104,LOS FLOW,W," ",ZAY2NICE,16.68,"           ","NA      ",10/25/2023,WORKS REGISTRATION,"           ",Reconciled
61216104,LOS FLOW,W," ",2300 WAV,16.68,"           ","NA      ",10/25/2023,WORKS REGISTRATION,"           ",Reconciled
61216104,LOS FLOW,W," ",SORRELL CASADA AARON,100.00,00816076637,"BMI     ",10/25/2023,WORKS REGISTRATION,"           ",Reconciled
61216104,LOS FLOW,W," ",VOLKENS AUSTIN,16.66,00387090044,"BMI     ",10/25/2023,WORKS REGISTRATION,"           ",Reconciled
61296692,INTERVENTION,P,O,SONGTRUST BLVD,50.00,00615755145,"BMI     ",10/23/2023,WORKS REGISTRATION,T3218728300,Reconciled
61296692,INTERVENTION,W," ",SORRELL CASADA AARON,100.00,00816076637,"BMI     ",10/23/2023,WORKS REGISTRATION,T3218728300,Reconciled
61296692,INTERVENTION,W," ",WHITE JOSHUA CAMRON (MR),50.00,00878203414,"BMI     ",10/23/2023,WORKS REGISTRATION,T3218728300,Reconciled
61378334,SADA WADA,P,O,SONY ATV SONGS LLC,50.00,00187095633,"BMI     ",11/10/2023,WORKS REGISTRATION,T3221027205,Reconciled
61378334,SADA WADA,W," ",JENKINS CRAIG,100.00,00544740745,"BMI     ",11/10/2023,WORKS REGISTRATION,T3221027205,Reconciled
61378334,SADA WADA,W," ",SORRELL CASADA AARON,50.00,00816076637,"BMI     ",11/10/2023,WORKS REGISTRATION,T3221027205,Reconciled
61378345,SHRED BUDDY,P,O,SONY ATV SONGS LLC,50.00,00187095633,"BMI     ",11/07/2023,WORKS REGISTRATION,T3221027250,Reconciled
61378345,SHRED BUDDY,W," ",JENKINS CRAIG,100.00,00544740745,"BMI     ",11/07/2023,WORKS REGISTRATION,T3221027250,Reconciled
61378345,SHRED BUDDY,W," ",SORRELL CASADA AARON,50.00,00816076637,"BMI     ",11/07/2023,WORKS REGISTRATION,T3221027250,Reconciled
61378347,LEAVE EM THERE,P,O,WARNER-TAMERLANE PUBLISHING CORP,12.50,00185314175,"BMI     ",11/07/2023,WORKS REGISTRATION,"           ",Reconciled
61378347,LEAVE EM THERE,P,O,SONY ATV SONGS LLC,50.00,00187095633,"BMI     ",11/07/2023,WORKS REGISTRATION,"           ",Reconciled
61378347,LEAVE EM THERE,P,O,SONGS OF KOBALT MUSIC PUBLISHING,6.24,00401084411,"BMI     ",11/07/2023,WORKS REGISTRATION,"           ",Reconciled
61378347,LEAVE EM THERE,P,O,LOMASTRO MUSIC PUBLISHING,0.00,01205921287,"BMI     ",11/07/2023,WORKS REGISTRATION,"           ",Reconciled
61378347,LEAVE EM THERE,P,O,WALLIS WORLD MUSIC PUBLISHING,6.24,01217170487,"BMI     ",11/07/2023,WORKS REGISTRATION,"           ",Reconciled
61378347,LEAVE EM THERE,W," ",AYALA STEVEN,25.00,"           ","NA      ",11/07/2023,WORKS REGISTRATION,"           ",Reconciled
61378347,LEAVE EM THERE,W," ",SORRELL CASADA AARON,50.00,00816076637,"BMI     ",11/07/2023,WORKS REGISTRATION,"           ",Reconciled
61378347,LEAVE EM THERE,W," ",GARCIA ERVIN JOVANY,25.00,00822056956,"BMI     ",11/07/2023,WORKS REGISTRATION,"           ",Reconciled
61378347,LEAVE EM THERE,W," ",RAGLAND LESIDNEY CHEYENNE,12.50,00846672108,"BMI     ",11/07/2023,WORKS REGISTRATION,"           ",Reconciled
61378347,LEAVE EM THERE,W," ",LOMASTRO JACKSON PAUL (MR),12.50,01002964884,"BMI     ",11/07/2023,WORKS REGISTRATION,"           ",Reconciled
61378354,BOP STICK,W," ",WALTERS RICKY M L,80.00,00200223940,"BMI     ",11/07/2023,WORKS REGISTRATION,"           ",Reconciled
61378354,BOP STICK,P,O,SONY ATV SONGS LLC,30.00,00187095633,"BMI     ",11/07/2023,WORKS REGISTRATION,"           ",Reconciled
61378354,BOP STICK,W," ",CHERRY BRANDON,60.00,"           ","NA      ",11/07/2023,WORKS REGISTRATION,"           ",Reconciled
61378354,BOP STICK,W," ",SORRELL CASADA AARON,30.00,00816076637,"BMI     ",11/07/2023,WORKS REGISTRATION,"           ",Reconciled
61378355,PERFECT FROM SKUB,P,O,SONY ATV SONGS LLC,50.00,00187095633,"BMI     ",11/07/2023,WORKS REGISTRATION,T3221027169,Reconciled
61378355,PERFECT FROM SKUB,W," ",WOODS DEANDRE SAMUEL,100.00,00614097360,"BMI     ",11/07/2023,WORKS REGISTRATION,T3221027169,Reconciled
61378355,PERFECT FROM SKUB,W," ",SORRELL CASADA AARON,50.00,00816076637,"BMI     ",11/07/2023,WORKS REGISTRATION,T3221027169,Reconciled
64029927,RACKS FT SADA BABY,P,O,MANUSCRIPT,0.00,00686021835,"NA      ",10/25/2023,WORKS REGISTRATION,T3218372017,Reconciled
64029927,RACKS FT SADA BABY,W," ",SORRELL CASADA AARON,100.00,00816076637,"BMI     ",10/25/2023,WORKS REGISTRATION,T3218372017,Reconciled
64029927,RACKS FT SADA BABY,W," ",GRANT LAROBERT,100.00,00893981568,"BMI     ",10/25/2023,WORKS REGISTRATION,T3218372017,Reconciled
64127510,RUN IT UP,P,O,MANUSCRIPT,0.00,00686021835,"NA      ",11/27/2023,WORKS REGISTRATION,T3224308736,Pending Society Review
64127510,RUN IT UP,W," ",JUAREZ JULIAN (MR) (SP ACCT),50.00,00374290549,"BMI     ",11/27/2023,WORKS REGISTRATION,T3224308736,Pending Society Review
64127510,RUN IT UP,W," ",SADABABY,50.00,00816076735,"BMI     ",11/27/2023,WORKS REGISTRATION,T3224308736,Pending Society Review
64127510,RUN IT UP,W," ",WALKER DAMARIA KAYSHAWN,50.00,00860827615,"BMI     ",11/27/2023,WORKS REGISTRATION,T3224308736,Pending Society Review
64127510,RUN IT UP,W," ",PEREZ JUNIOR JAIME MR,50.00,01157108471,"BMI     ",11/27/2023,WORKS REGISTRATION,T3224308736,Pending Society Review
64190583,VICE AVENUE,P,O,UNKNOWN PUBLISHER,90.00,00288936892,"NA      ",03/12/2024,WORKS REGISTRATION,"           ",Reconciled
64190583,VICE AVENUE,P,O,EMPIRE STRIKES FIRST,10.00,00747866487,"BMI     ",03/12/2024,WORKS REGISTRATION,"           ",Reconciled
64190583,VICE AVENUE,W," ",PRODUCER UNKNOWN,50.00,"           ","NA      ",03/12/2024,WORKS REGISTRATION,"           ",Reconciled
64190583,VICE AVENUE,P,O,JAMES JOHNSON IV PUB DESIGNEE,0.00,"           ","NA      ",03/12/2024,WORKS REGISTRATION,"           ",Reconciled
64190583,VICE AVENUE,W," ",BUHRIE TYLER JACK,30.00,"           ","NA      ",03/12/2024,WORKS REGISTRATION,"           ",Reconciled
64190583,VICE AVENUE,W," ",SORRELL CASADA AARON,10.00,00816076637,"BMI     ",03/12/2024,WORKS REGISTRATION,"           ",Reconciled
64190583,VICE AVENUE,W," ",JOHNSON JAMES IV,10.00,01158146161,"BMI     ",03/12/2024,WORKS REGISTRATION,"           ",Reconciled
64221560,KARRIED AWAY,P,O,UNKNOWN PUBLISHER,75.00,00288936892,"NA      ",11/24/2025,WORKS REGISTRATION,T3263815330,Reconciled
64221560,KARRIED AWAY,P,O,WARNER-TAMERLANE PUBLISHING CORP,25.00,00185314175,"BMI     ",11/24/2025,WORKS REGISTRATION,T3263815330,Reconciled
64221560,KARRIED AWAY,W," ",SORRELL CASADA AARON,50.00,00816076637,"BMI     ",11/24/2025,WORKS REGISTRATION,T3263815330,Reconciled
64221560,KARRIED AWAY,W," ",BONSU MICHAEL KOFI (MR),25.00,00853983198,"BMI     ",11/24/2025,WORKS REGISTRATION,T3263815330,Reconciled
64221560,KARRIED AWAY,W," ",ADAMS RYAN PRESTON MR,25.00,00373781629,"BMI     ",11/24/2025,WORKS REGISTRATION,T3263815330,Reconciled
64493885,RUNNING UP A BAG,P,O,MANUSCRIPT,0.00,00686021835,"NA      ",12/02/2023,WORKS REGISTRATION,T3225644708,Reconciled
64493885,RUNNING UP A BAG,W," ",ROBINSON CODY,20.00,00783472018,"ASCAP   ",12/02/2023,WORKS REGISTRATION,T3225644708,Reconciled
64493885,RUNNING UP A BAG,W," ",TAYLOR MARIO,80.00,00621194473,"BMI     ",12/02/2023,WORKS REGISTRATION,T3225644708,Reconciled
64493885,RUNNING UP A BAG,W," ",CALVIN THERONN ALAN RANDAL (MR),60.00,00621382277,"BMI     ",12/02/2023,WORKS REGISTRATION,T3225644708,Reconciled
64493885,RUNNING UP A BAG,W," ",SADABABY,20.00,00816076735,"BMI     ",12/02/2023,WORKS REGISTRATION,T3225644708,Reconciled
64493885,RUNNING UP A BAG,W," ",STRATTNER TIMO BERND MR,20.00,01167139939,"BMI     ",12/02/2023,WORKS REGISTRATION,T3225644708,Reconciled
64708348,APETOVEN,P,O,SONY ATV SONGS LLC,50.00,00187095633,"BMI     ",04/01/2024,WORKS REGISTRATION,T3245588670,Reconciled
64708348,APETOVEN,P,O,PAYDAY EMPIRE MUSIC,25.00,01295942900,"BMI     ",04/01/2024,WORKS REGISTRATION,T3245588670,Reconciled
64708348,APETOVEN,W," ",DOTSON XAVIER,50.00,00470108484,"BMI     ",04/01/2024,WORKS REGISTRATION,T3245588670,Reconciled
64708348,APETOVEN,P,O,ZAYTOVEN PUBLISHING,25.00,00568705708,"BMI     ",04/01/2024,WORKS REGISTRATION,T3245588670,Reconciled
64708348,APETOVEN,W," ",SORRELL CASADA AARON,50.00,00816076637,"BMI     ",04/01/2024,WORKS REGISTRATION,T3245588670,Reconciled
64708368,KOMPLICATED,P,O,UNKNOWN PUBLISHER,50.00,00288936892,"NA      ",02/23/2024,WORKS REGISTRATION,"           ",Reconciled
64708368,KOMPLICATED,P,O,SONY ATV SONGS LLC,50.00,00187095633,"BMI     ",02/23/2024,WORKS REGISTRATION,"           ",Reconciled
64708368,KOMPLICATED,W," ",CLARK DEVAUGHN,50.00,"           ","NA      ",02/23/2024,WORKS REGISTRATION,"           ",Reconciled
64708368,KOMPLICATED,W," ",SORRELL CASADA AARON,50.00,00816076637,"BMI     ",02/23/2024,WORKS REGISTRATION,"           ",Reconciled
64708374,ATTITUDINAL,P,O,UNKNOWN PUBLISHER,50.00,00288936892,"NA      ",02/14/2024,WORKS REGISTRATION,T3225542285,Reconciled
64708374,ATTITUDINAL,P,O,SONY ATV SONGS LLC,50.00,00187095633,"BMI     ",02/14/2024,WORKS REGISTRATION,T3225542285,Reconciled
64708374,ATTITUDINAL,W," ",WHITE JOSHUA WINSTON,50.00,00682760125,"PRS     ",02/14/2024,WORKS REGISTRATION,T3225542285,Reconciled
64708374,ATTITUDINAL,W," ",SORRELL CASADA AARON,50.00,00816076637,"BMI     ",02/14/2024,WORKS REGISTRATION,T3225542285,Reconciled
64708380,US OR NOTHING,P,O,UNKNOWN PUBLISHER,50.00,00288936892,"NA      ",07/17/2025,WORKS REGISTRATION,T3225542296,Reconciled
64708380,US OR NOTHING,P,O,SONY ATV SONGS LLC,50.00,00187095633,"BMI     ",07/17/2025,WORKS REGISTRATION,T3225542296,Reconciled
64708380,US OR NOTHING,W," ",WHITE JOSHUA WINSTON,50.00,00682760125,"PRS     ",07/17/2025,WORKS REGISTRATION,T3225542296,Reconciled
64708380,US OR NOTHING,W," ",SORRELL CASADA AARON,50.00,00816076637,"BMI     ",07/17/2025,WORKS REGISTRATION,T3225542296,Reconciled
64708385,KAMEHAMEHA,P,O,UNKNOWN PUBLISHER,50.00,00288936892,"NA      ",03/14/2024,WORKS REGISTRATION,"           ",Reconciled
64708385,KAMEHAMEHA,P,O,SONY ATV SONGS LLC,50.00,00187095633,"BMI     ",03/14/2024,WORKS REGISTRATION,"           ",Reconciled
64708385,KAMEHAMEHA,W," ",ROBERTSON THAREN,50.00,"           ","NA      ",03/14/2024,WORKS REGISTRATION,"           ",Reconciled
64708385,KAMEHAMEHA,W," ",SORRELL CASADA AARON,50.00,00816076637,"BMI     ",03/14/2024,WORKS REGISTRATION,"           ",Reconciled
64708393,NOVEMBER 35TH,P,O,UNKNOWN PUBLISHER,50.00,00288936892,"NA      ",03/19/2024,WORKS REGISTRATION,"           ",Reconciled
64708393,NOVEMBER 35TH,P,O,SONY ATV SONGS LLC,50.00,00187095633,"BMI     ",03/19/2024,WORKS REGISTRATION,"           ",Reconciled
64708393,NOVEMBER 35TH,W," ",CHERRY BRANDON,50.00,"           ","NA      ",03/19/2024,WORKS REGISTRATION,"           ",Reconciled
64708393,NOVEMBER 35TH,W," ",SORRELL CASADA AARON,50.00,00816076637,"BMI     ",03/19/2024,WORKS REGISTRATION,"           ",Reconciled
64769656,LENNY COOKE,W," ",WILLIAMS RAI SHAUN DEVANTE (SP ACCT),12.50,00383514161,"BMI     ",01/29/2024,WORKS REGISTRATION,T3234533207,Reconciled
64769656,LENNY COOKE,P,O,UNKNOWN PUBLISHER,25.00,00288936892,"NA      ",01/29/2024,WORKS REGISTRATION,T3234533207,Reconciled
64769656,LENNY COOKE,P,O,WARNER-TAMERLANE PUBLISHING CORP,12.50,00185314175,"BMI     ",01/29/2024,WORKS REGISTRATION,T3234533207,Reconciled
64769656,LENNY COOKE,P,O,SONY/ATV SONGS LLC,50.00,00187062752,"BMI     ",01/29/2024,WORKS REGISTRATION,T3234533207,Reconciled
64769656,LENNY COOKE,P,O,BEATSTARS PUBLISHING WORLDWIDE,12.50,01031928579,"BMI     ",01/29/2024,WORKS REGISTRATION,T3234533207,Reconciled
64769656,LENNY COOKE,W," ",GRAY DERRICK CARRINGTON,25.00,00684499582,"BMI     ",01/29/2024,WORKS REGISTRATION,T3234533207,Reconciled
64769656,LENNY COOKE,W," ",SORRELL CASADA AARON,50.00,00816076637,"BMI     ",01/29/2024,WORKS REGISTRATION,T3234533207,Reconciled
64769656,LENNY COOKE,W," ",KURHAN YAUHENI,12.50,01126031411,"BMI     ",01/29/2024,WORKS REGISTRATION,T3234533207,Reconciled
64843822,SLIMOTHY,P,O,UNKNOWN PUBLISHER,25.00,00288936892,"NA      ",02/26/2024,WORKS REGISTRATION,T3240079550,Reconciled
64843822,SLIMOTHY,P,O,SONY ATV SONGS LLC,50.00,00187095633,"BMI     ",02/26/2024,WORKS REGISTRATION,T3240079550,Reconciled
64843822,SLIMOTHY,P,O,WINNERS CIRCLE ENTERTAINMENT PUBLISHING,25.00,01057955036,"BMI     ",02/26/2024,WORKS REGISTRATION,T3240079550,Reconciled
64843822,SLIMOTHY,W," ",SORRELL CASADA AARON,50.00,00816076637,"BMI     ",02/26/2024,WORKS REGISTRATION,T3240079550,Reconciled
64843822,SLIMOTHY,W," ",BELL DEMETRIUS T MR,25.00,00867085696,"BMI     ",02/26/2024,WORKS REGISTRATION,T3240079550,Reconciled
64843822,SLIMOTHY,W," ",RICHMOND DEVONTE CORTEZ,25.00,01085953621,"BMI     ",02/26/2024,WORKS REGISTRATION,T3240079550,Reconciled
65398390,DRIPPLE DRAGONS,P,O,EMPIRE STRIKES FIRST,25.00,00747866487,"BMI     ",03/08/2024,WORKS REGISTRATION,T3241431932,Pending Society Review
65398390,DRIPPLE DRAGONS,P,O,TF ENTERTAINMENT,25.00,00832610267,"BMI     ",03/08/2024,WORKS REGISTRATION,T3241431932,Pending Society Review
65398390,DRIPPLE DRAGONS,P,O,FRONTLINE PRODUCTIONS DETROIT,50.00,00864905897,"BMI     ",03/08/2024,WORKS REGISTRATION,T3241431932,Pending Society Review
65398390,DRIPPLE DRAGONS,W," ",CLARK DEVON,25.00,00782186023,"BMI     ",03/08/2024,WORKS REGISTRATION,T3241431932,Pending Society Review
65398390,DRIPPLE DRAGONS,W," ",JONES MARK KENT II MR,25.00,00799159862,"BMI     ",03/08/2024,WORKS REGISTRATION,T3241431932,Pending Society Review
65398390,DRIPPLE DRAGONS,W," ",SORRELL CASADA AARON,25.00,00816076637,"BMI     ",03/08/2024,WORKS REGISTRATION,T3241431932,Pending Society Review
65398390,DRIPPLE DRAGONS,W," ",WASHINGTON DENZEL THOMAS,25.00,00839001158,"BMI     ",03/08/2024,WORKS REGISTRATION,T3241431932,Pending Society Review
65627150,CASADA JR,P,O,UNKNOWN PUBLISHER,50.00,00288936892,"NA      ",05/10/2024,WORKS REGISTRATION,T3253419028,Reconciled
65627150,CASADA JR,P,O,SONGTRUST BLVD,50.00,00615755145,"BMI     ",05/10/2024,WORKS REGISTRATION,T3253419028,Reconciled
65627150,CASADA JR,W," ",SORRELL CASADA AARON,50.00,00816076637,"BMI     ",05/10/2024,WORKS REGISTRATION,T3253419028,Reconciled
65627150,CASADA JR,W," ",WHITE JOSHUA CAMRON (MR),50.00,00878203414,"BMI     ",05/10/2024,WORKS REGISTRATION,T3253419028,Reconciled
65629292,SKUWOP,P,O,UNKNOWN PUBLISHER,50.00,00288936892,"NA      ",05/23/2024,WORKS REGISTRATION,T3255991830,Reconciled
65629292,SKUWOP,P,O,SONGTRUST BLVD,50.00,00615755145,"BMI     ",05/23/2024,WORKS REGISTRATION,T3255991830,Reconciled
65629292,SKUWOP,W," ",SORRELL CASADA AARON,50.00,00816076637,"BMI     ",05/23/2024,WORKS REGISTRATION,T3255991830,Reconciled
65629292,SKUWOP,W," ",WHITE JOSHUA CAMRON (MR),50.00,00878203414,"BMI     ",05/23/2024,WORKS REGISTRATION,T3255991830,Reconciled
65630197,HALFTIME,P,O,UNKNOWN PUBLISHER,50.00,00288936892,"NA      ",05/22/2024,WORKS REGISTRATION,T3255991692,Reconciled
65630197,HALFTIME,P,O,SONGTRUST BLVD,50.00,00615755145,"BMI     ",05/22/2024,WORKS REGISTRATION,T3255991692,Reconciled
65630197,HALFTIME,W," ",SORRELL CASADA AARON,50.00,00816076637,"BMI     ",05/22/2024,WORKS REGISTRATION,T3255991692,Reconciled
65630197,HALFTIME,W," ",WHITE JOSHUA CAMRON (MR),50.00,00878203414,"BMI     ",05/22/2024,WORKS REGISTRATION,T3255991692,Reconciled
65630326,ROJO,P,O,UNKNOWN PUBLISHER,50.00,00288936892,"NA      ",05/22/2024,WORKS REGISTRATION,T3255991681,Reconciled
65630326,ROJO,P,O,SONGTRUST BLVD,50.00,00615755145,"BMI     ",05/22/2024,WORKS REGISTRATION,T3255991681,Reconciled
65630326,ROJO,W," ",SORRELL CASADA AARON,0.00,"           ","NA      ",05/22/2024,WORKS REGISTRATION,T3255991681,Reconciled
65630326,ROJO,W," ",SORRELL CASADA AARON,50.00,00816076637,"BMI     ",05/22/2024,WORKS REGISTRATION,T3255991681,Reconciled
65630326,ROJO,W," ",WHITE JOSHUA CAMRON (MR),50.00,00878203414,"BMI     ",05/22/2024,WORKS REGISTRATION,T3255991681,Reconciled
65630474,IR DRACO,P,O,UNKNOWN PUBLISHER,50.00,00288936892,"NA      ",05/22/2024,WORKS REGISTRATION,T3255991658,Reconciled
65630474,IR DRACO,P,O,SONGTRUST BLVD,50.00,00615755145,"BMI     ",05/22/2024,WORKS REGISTRATION,T3255991658,Reconciled
65630474,IR DRACO,W," ",SORRELL CASADA AARON,50.00,00816076637,"BMI     ",05/22/2024,WORKS REGISTRATION,T3255991658,Reconciled
65630474,IR DRACO,W," ",WHITE JOSHUA CAMRON (MR),50.00,00878203414,"BMI     ",05/22/2024,WORKS REGISTRATION,T3255991658,Reconciled
66012399,ON THE FLO,P,O,UNKNOWN PUBLISHER,70.00,00288936892,"NA      ",03/06/2024,WORKS REGISTRATION,"           ",Pending Society Review
66012399,ON THE FLO,W," ",UNKNOWN WRITER,22.50,00396710530,"NA      ",03/06/2024,WORKS REGISTRATION,"           ",Pending Society Review
66012399,ON THE FLO,P,O,CONCORD SOUNDS,10.00,00868824873,"ASCAP   ",03/06/2024,WORKS REGISTRATION,"           ",Pending Society Review
66012399,ON THE FLO,P,O,THESE ARE SONGS OF PULSE,0.00,00739228421,"ASCAP   ",03/06/2024,WORKS REGISTRATION,"           ",Pending Society Review
66012399,ON THE FLO,P,O,MS KNIGHT PUBLISHING,20.00,01001735122,"BMI     ",03/06/2024,WORKS REGISTRATION,"           ",Pending Society Review
66012399,ON THE FLO,P,O,STREETPUNK PRODUCTIONS,0.00,00892282998,"ASCAP   ",03/06/2024,WORKS REGISTRATION,"           ",Pending Society Review
66012399,ON THE FLO,P,O,MOGUL MENTALITY PUBLISHING,0.00,01111500438,"ASCAP   ",03/06/2024,WORKS REGISTRATION,"           ",Pending Society Review
66012399,ON THE FLO,W," ",COOK QUINTON LAMAR,17.50,"           ","NA      ",03/06/2024,WORKS REGISTRATION,"           ",Pending Society Review
66012399,ON THE FLO,W," ",KNIGHT ARKEISHA,20.00,00754803528,"BMI     ",03/06/2024,WORKS REGISTRATION,"           ",Pending Society Review
66012399,ON THE FLO,W," ",SORRELL CASADA AARON,15.00,00816076637,"BMI     ",03/06/2024,WORKS REGISTRATION,"           ",Pending Society Review
66012399,ON THE FLO,W," ",CARLEY RICKIE,10.00,00852462825,"ASCAP   ",03/06/2024,WORKS REGISTRATION,"           ",Pending Society Review
66012399,ON THE FLO,W," ",VINSON MITCHELL SHERROD,5.00,01054629363,"BMI     ",03/06/2024,WORKS REGISTRATION,"           ",Pending Society Review
66012399,ON THE FLO,W," ",ZAKHARCHENKO ALEKSEI MR,10.00,01090916945,"BMI     ",03/06/2024,WORKS REGISTRATION,"           ",Pending Society Review
66100014,ANTHEM,P,O,FRONTLINE PRODUCTIONS DETROIT,25.00,00864905897,"BMI     ",03/22/2024,WORKS REGISTRATION,"           ",Reconciled
66100014,ANTHEM,W," ",CEO CHUCKIE,50.00,"           ","NA      ",03/22/2024,WORKS REGISTRATION,"           ",Reconciled
66100014,ANTHEM,W," ",SORRELL CASADA AARON,50.00,00816076637,"BMI     ",03/22/2024,WORKS REGISTRATION,"           ",Reconciled
66100014,ANTHEM,W," ",LANGNAS BRIAN ISAAC MR,50.00,01082106984,"BMI     ",03/22/2024,WORKS REGISTRATION,"           ",Reconciled
66100014,ANTHEM,W," ",MANAENKO ROMAN MR,25.00,01098749595,"BMI     ",03/22/2024,WORKS REGISTRATION,"           ",Reconciled
66135489,ON ME,P,O,FRONTLINE PRODUCTIONS DETROIT,50.00,00864905897,"BMI     ",08/26/2024,WORKS REGISTRATION,T3274798704,Pending Society Review
66135489,ON ME,W," ",CLARK DEVON,50.00,00782186023,"BMI     ",08/26/2024,WORKS REGISTRATION,T3274798704,Pending Society Review
66135489,ON ME,W," ",SORRELL CASADA AARON,50.00,00816076637,"BMI     ",08/26/2024,WORKS REGISTRATION,T3274798704,Pending Society Review
66135489,ON ME,W," ",THOMAS KYREACE MICHAEL MR,50.00,00846015839,"BMI     ",08/26/2024,WORKS REGISTRATION,T3274798704,Pending Society Review
66135491,BBS,P,O,EMPIRE STRIKES FIRST,33.33,00747866487,"BMI     ",03/22/2024,WORKS REGISTRATION,T3243529371,Reconciled
66135491,BBS,P,O,FRONTLINE PRODUCTIONS DETROIT,50.00,00864905897,"BMI     ",03/22/2024,WORKS REGISTRATION,T3243529371,Reconciled
66135491,BBS,W," ",CLARK DEVON,50.00,00782186023,"BMI     ",03/22/2024,WORKS REGISTRATION,T3243529371,Reconciled
66135491,BBS,W," ",SORRELL CASADA AARON,16.67,00816076637,"BMI     ",03/22/2024,WORKS REGISTRATION,T3243529371,Reconciled
66135491,BBS,W," ",WASHINGTON DENZEL THOMAS,16.66,00839001158,"BMI     ",03/22/2024,WORKS REGISTRATION,T3243529371,Reconciled
66135491,BBS,W," ",THOMAS KYREACE MICHAEL MR,33.32,00846015839,"BMI     ",03/22/2024,WORKS REGISTRATION,T3243529371,Reconciled
66135496,YOU JUST TALK SHIT,P,O,CREATE RECORDS SONGS,24.98,01315075677,"BMI     ",03/09/2024,WORKS REGISTRATION,T3243529326,Reconciled
66135496,YOU JUST TALK SHIT,P,O,FRONTLINE PRODUCTIONS DETROIT,50.00,00864905897,"BMI     ",03/09/2024,WORKS REGISTRATION,T3243529326,Reconciled
66135496,YOU JUST TALK SHIT,W," ",CLARK DEVON,25.00,00782186023,"BMI     ",03/09/2024,WORKS REGISTRATION,T3243529326,Reconciled
66135496,YOU JUST TALK SHIT,W," ",JONES MARK KENT II MR,25.00,00799159862,"BMI     ",03/09/2024,WORKS REGISTRATION,T3243529326,Reconciled
66135496,YOU JUST TALK SHIT,W," ",SORRELL CASADA AARON,50.00,00816076637,"BMI     ",03/09/2024,WORKS REGISTRATION,T3243529326,Reconciled
66135496,YOU JUST TALK SHIT,W," ",WARREN DIAMANTE MATEO MR,25.02,00818151447,"BMI     ",03/09/2024,WORKS REGISTRATION,T3243529326,Reconciled
66135498,RIGHT NOW,W," ",ROWLAND BROOK OBA,25.00,00520193098,"ASCAP   ",05/09/2024,WORKS REGISTRATION,T3239320544,Reconciled
66135498,RIGHT NOW,P,O,FRONTLINE PRODUCTIONS DETROIT,50.00,00864905897,"BMI     ",05/09/2024,WORKS REGISTRATION,T3239320544,Reconciled
66135498,RIGHT NOW,P,O,NCONNU EDITEUR,25.00,"           ","NA      ",05/09/2024,WORKS REGISTRATION,T3239320544,Reconciled
66135498,RIGHT NOW,W," ",CLARK DEVON,16.66,00782186023,"BMI     ",05/09/2024,WORKS REGISTRATION,T3239320544,Reconciled
66135498,RIGHT NOW,W," ",JONES MARK KENT II MR,16.68,00799159862,"BMI     ",05/09/2024,WORKS REGISTRATION,T3239320544,Reconciled
66135498,RIGHT NOW,W," ",JOHNSON DARNELL LAWERENCE,16.66,00806264546,"BMI     ",05/09/2024,WORKS REGISTRATION,T3239320544,Reconciled
66135498,RIGHT NOW,W," ",SORRELL CASADA AARON,50.00,00816076637,"BMI     ",05/09/2024,WORKS REGISTRATION,T3239320544,Reconciled
67240409,WE LOCKED IN,P,O,SONGTRUST BLVD,50.00,00615755145,"BMI     ",01/23/2025,WORKS REGISTRATION,T3381768094,Pending Society Review
67240409,WE LOCKED IN,P,O,EMPIRE STRIKES FIRST,25.00,00747866487,"BMI     ",01/23/2025,WORKS REGISTRATION,T3381768094,Pending Society Review
67240409,WE LOCKED IN,P,O,TF ENTERTAINMENT,12.50,00832610267,"BMI     ",01/23/2025,WORKS REGISTRATION,T3381768094,Pending Society Review
67240409,WE LOCKED IN,W," ",RICHERSON DURRELL,25.00,00570074171,"ASCAP   ",01/23/2025,WORKS REGISTRATION,T3381768094,Pending Society Review
67240409,WE LOCKED IN,W," ",SORRELL CASADA AARON,12.50,00816076637,"BMI     ",01/23/2025,WORKS REGISTRATION,T3381768094,Pending Society Review
67240409,WE LOCKED IN,W," ",WASHINGTON DENZEL THOMAS,25.00,00839001158,"BMI     ",01/23/2025,WORKS REGISTRATION,T3381768094,Pending Society Review
67240409,WE LOCKED IN,W," ",PETRULAKIS ANDREW CONSTANTINEMR,50.00,01072531386,"BMI     ",01/23/2025,WORKS REGISTRATION,T3381768094,Pending Society Review
67273152,SKUB NELLA,P,O,MANUSCRIPT,0.00,00686021835,"NA      ",06/10/2024,WORKS REGISTRATION,T3260099574,Reconciled
67273152,SKUB NELLA,W," ",BLACK MARCUS,100.00,00496776483,"BMI     ",06/10/2024,WORKS REGISTRATION,T3260099574,Reconciled
67273152,SKUB NELLA,W," ",SORRELL CASADA AARON,100.00,00816076637,"BMI     ",06/10/2024,WORKS REGISTRATION,T3260099574,Reconciled
67371522,GRIZZLEY GANG,P,O,SONGS OF UNIVERSAL INC,37.50,00353271280,"BMI     ",01/09/2025,WORKS REGISTRATION,T3266211698,Pending Society Review
67371522,GRIZZLEY GANG,P,O,UNKNOWN PUBLISHER,50.00,00288936892,"NA      ",01/09/2025,WORKS REGISTRATION,T3266211698,Pending Society Review
67371522,GRIZZLEY GANG,P,O,SONGS OF ROC NATION MUSIC,12.50,00621218684,"BMI     ",01/09/2025,WORKS REGISTRATION,T3266211698,Pending Society Review
67371522,GRIZZLEY GANG,W," ",WALLACE TERRY SANCHEZ,25.00,00888537273,"ASCAP   ",01/09/2025,WORKS REGISTRATION,T3266211698,Pending Society Review
67371522,GRIZZLEY GANG,W," ",MATHIS ANTHONY O NEAL (MR),50.00,00619283140,"BMI     ",01/09/2025,WORKS REGISTRATION,T3266211698,Pending Society Review
67371522,GRIZZLEY GANG,W," ",SORRELL CASADA AARON,25.00,00816076637,"BMI     ",01/09/2025,WORKS REGISTRATION,T3266211698,Pending Society Review
67831958,BLITZ,P,O,MANUSCRIPT,0.00,00686021835,"NA      ",08/07/2024,WORKS REGISTRATION,"           ",Pending Society Review
67831958,BLITZ,W," ",BEATZ ELVIS,100.00,"           ","NA      ",08/07/2024,WORKS REGISTRATION,"           ",Pending Society Review
67831958,BLITZ,W," ",BABY EDOT,50.00,"           ","NA      ",08/07/2024,WORKS REGISTRATION,"           ",Pending Society Review
67831958,BLITZ,W," ",SORRELL CASADA AARON,50.00,00816076637,"BMI     ",08/07/2024,WORKS REGISTRATION,"           ",Pending Society Review
67832024,BACK END,P,O,MANUSCRIPT,0.00,00686021835,"NA      ",08/07/2024,WORKS REGISTRATION,"           ",Pending Society Review
67832024,BACK END,W," ",JONES DUX,100.00,"           ","NA      ",08/07/2024,WORKS REGISTRATION,"           ",Pending Society Review
67832024,BACK END,W," ",SORRELL CASADA AARON,100.00,00816076637,"BMI     ",08/07/2024,WORKS REGISTRATION,"           ",Pending Society Review
68594280,100 ROUND,P,O,UNKNOWN PUBLISHER,50.00,00288936892,"NA      ",08/08/2024,WORKS REGISTRATION,T3268499594,Reconciled
68594280,100 ROUND,P,O,TF ENTERTAINMENT,50.00,00832610267,"BMI     ",08/08/2024,WORKS REGISTRATION,T3268499594,Reconciled
68594280,100 ROUND,W," ",LIVINGSTON DEMARIO LAMARR,20.00,00716808823,"BMI     ",08/08/2024,WORKS REGISTRATION,T3268499594,Reconciled
68594280,100 ROUND,W," ",JIG HARDWORK,20.00,00718721143,"BMI     ",08/08/2024,WORKS REGISTRATION,T3268499594,Reconciled
68594280,100 ROUND,W," ",CLARK DAVAUGHN DMAR MR,50.00,00803933054,"BMI     ",08/08/2024,WORKS REGISTRATION,T3268499594,Reconciled
68594280,100 ROUND,W," ",SORRELL CASADA AARON,10.00,00816076637,"BMI     ",08/08/2024,WORKS REGISTRATION,T3268499594,Reconciled
68594282,WHYTES,P,O,UNKNOWN PUBLISHER,10.00,00288936892,"NA      ",08/07/2025,WORKS REGISTRATION,"           ",Reconciled
68594282,WHYTES,W," ",UNKNOWN WRITER,10.00,00396710530,"NA      ",08/07/2025,WORKS REGISTRATION,"           ",Reconciled
68594282,WHYTES,P,O,TF ENTERTAINMENT,50.00,00832610267,"BMI     ",08/07/2025,WORKS REGISTRATION,"           ",Reconciled
68594282,WHYTES,W," ",DABBIN CHUCHO,20.00,"           ","NA      ",08/07/2025,WORKS REGISTRATION,"           ",Reconciled
68594282,WHYTES,P,O,CASADA AARON SORRELL PUB DESIG,30.00,"           ","NA      ",08/07/2025,WORKS REGISTRATION,"           ",Reconciled
68594282,WHYTES,W," ",CLARK DAVAUGHN DMAR MR,50.00,00803933054,"BMI     ",08/07/2025,WORKS REGISTRATION,"           ",Reconciled
68594282,WHYTES,W," ",SORRELL CASADA AARON,30.00,00816076637,"BMI     ",08/07/2025,WORKS REGISTRATION,"           ",Reconciled
68594284,BREADED,P,O,UNKNOWN PUBLISHER,25.00,00288936892,"NA      ",11/05/2025,WORKS REGISTRATION,"           ",Reconciled
68594284,BREADED,W," ",WHITE MARCUS,25.00,"           ","NA      ",11/05/2025,WORKS REGISTRATION,"           ",Reconciled
68594284,BREADED,P,O,TF ENTERTAINMENT,50.00,00832610267,"BMI     ",11/05/2025,WORKS REGISTRATION,"           ",Reconciled
68594284,BREADED,P,O,CASADA AARON SORRELL PUB DESIG,25.00,"           ","NA      ",11/05/2025,WORKS REGISTRATION,"           ",Reconciled
68594284,BREADED,W," ",CLARK DAVAUGHN DMAR MR,50.00,00803933054,"BMI     ",11/05/2025,WORKS REGISTRATION,"           ",Reconciled
68594284,BREADED,W," ",SORRELL CASADA AARON,25.00,00816076637,"BMI     ",11/05/2025,WORKS REGISTRATION,"           ",Reconciled
68595692,ACTIN BAD,P,O,TF ENTERTAINMENT,50.00,00832610267,"BMI     ",09/25/2024,WORKS REGISTRATION,T3267786238,Pending Society Review
68595692,ACTIN BAD,P,O,CASADA AARON SORRELL PUB DESIG,50.00,"           ","NA      ",09/25/2024,WORKS REGISTRATION,T3267786238,Pending Society Review
68595692,ACTIN BAD,W," ",CLARK DAVAUGHN DMAR MR,50.00,00803933054,"BMI     ",09/25/2024,WORKS REGISTRATION,T3267786238,Pending Society Review
68595692,ACTIN BAD,W," ",SORRELL CASADA AARON,50.00,00816076637,"BMI     ",09/25/2024,WORKS REGISTRATION,T3267786238,Pending Society Review
68596142,FIELD,P,O,UNKNOWN PUBLISHER,50.00,00288936892,"NA      ",09/24/2024,WORKS REGISTRATION,T3265160730,Reconciled
68596142,FIELD,P,O,EMPIRE STRIKES FIRST,25.00,00747866487,"BMI     ",09/24/2024,WORKS REGISTRATION,T3265160730,Reconciled
68596142,FIELD,P,O,TF ENTERTAINMENT,25.00,00832610267,"BMI     ",09/24/2024,WORKS REGISTRATION,T3265160730,Reconciled
68596142,FIELD,W," ",SORRELL CASADA AARON,25.00,00816076637,"BMI     ",09/24/2024,WORKS REGISTRATION,T3265160730,Reconciled
68596142,FIELD,W," ",DAMJONBOI,50.00,00819375509,"BMI     ",09/24/2024,WORKS REGISTRATION,T3265160730,Reconciled
68596142,FIELD,W," ",WASHINGTON DENZEL THOMAS,25.00,00839001158,"BMI     ",09/24/2024,WORKS REGISTRATION,T3265160730,Reconciled
68597134,DAWG IN THE CAR,P,O,TF ENTERTAINMENT,50.00,00832610267,"BMI     ",10/03/2025,WORKS REGISTRATION,"           ",Reconciled
68597134,DAWG IN THE CAR,W," ",SWEEZEE TID,10.00,"           ","NA      ",10/03/2025,WORKS REGISTRATION,"           ",Reconciled
68597134,DAWG IN THE CAR,P,O,CASADA AARON SORRELL PUB DESIG,30.00,"           ","NA      ",10/03/2025,WORKS REGISTRATION,"           ",Reconciled
68597134,DAWG IN THE CAR,P,O,TID SWEEZEE PUB DESIGNEE,10.00,"           ","NA      ",10/03/2025,WORKS REGISTRATION,"           ",Reconciled
68597134,DAWG IN THE CAR,P,O,DEMARIO LAMARR LIVINGSTON P,10.00,"           ","NA      ",10/03/2025,WORKS REGISTRATION,"           ",Reconciled
68597134,DAWG IN THE CAR,W," ",LIVINGSTON DEMARIO LAMARR,10.00,00716808823,"BMI     ",10/03/2025,WORKS REGISTRATION,"           ",Reconciled
68597134,DAWG IN THE CAR,W," ",CLARK DAVAUGHN DMAR MR,50.00,00803933054,"BMI     ",10/03/2025,WORKS REGISTRATION,"           ",Reconciled
68597134,DAWG IN THE CAR,W," ",SORRELL CASADA AARON,30.00,00816076637,"BMI     ",10/03/2025,WORKS REGISTRATION,"           ",Reconciled
68597135,BOKIENA,P,O,DEMARIO LAMARR LIVINGSTON P,12.50,"           ","NA      ",11/18/2025,WORKS REGISTRATION,T3267786272,Reconciled
68597135,BOKIENA,P,O,TF ENTERTAINMENT,87.50,00832610267,"BMI     ",11/18/2025,WORKS REGISTRATION,T3267786272,Reconciled
68597135,BOKIENA,W," ",LIVINGSTON DEMARIO LAMARR,12.50,00716808823,"BMI     ",11/18/2025,WORKS REGISTRATION,T3267786272,Reconciled
68597135,BOKIENA,W," ",CLARK DAVAUGHN DMAR MR,50.00,00803933054,"BMI     ",11/18/2025,WORKS REGISTRATION,T3267786272,Reconciled
68597135,BOKIENA,W," ",SORRELL CASADA AARON,37.50,00816076637,"BMI     ",11/18/2025,WORKS REGISTRATION,T3267786272,Reconciled
68597136,WAVE,P,O,UNKNOWN PUBLISHER,30.00,00288936892,"NA      ",11/18/2025,WORKS REGISTRATION,T3366098837,Reconciled
68597136,WAVE,P,O,TF ENTERTAINMENT,70.00,00832610267,"BMI     ",11/18/2025,WORKS REGISTRATION,T3366098837,Reconciled
68597136,WAVE,W," ",JIG HARDWORK,30.00,00718721143,"BMI     ",11/18/2025,WORKS REGISTRATION,T3366098837,Reconciled
68597136,WAVE,W," ",CLARK DAVAUGHN DMAR MR,50.00,00803933054,"BMI     ",11/18/2025,WORKS REGISTRATION,T3366098837,Reconciled
68597136,WAVE,W," ",SORRELL CASADA AARON,20.00,00816076637,"BMI     ",11/18/2025,WORKS REGISTRATION,T3366098837,Reconciled
68597682,DOUBLE HEADED DRAGON,P,O,UNKNOWN PUBLISHER,50.00,00288936892,"NA      ",09/03/2024,WORKS REGISTRATION,"           ",Reconciled
68597682,DOUBLE HEADED DRAGON,W," ",UNKNOWN WRITER,50.00,00396710530,"NA      ",09/03/2024,WORKS REGISTRATION,"           ",Reconciled
68597682,DOUBLE HEADED DRAGON,P,O,EMPIRE STRIKES FIRST,25.00,00747866487,"BMI     ",09/03/2024,WORKS REGISTRATION,"           ",Reconciled
68597682,DOUBLE HEADED DRAGON,P,O,TF ENTERTAINMENT,25.00,00832610267,"BMI     ",09/03/2024,WORKS REGISTRATION,"           ",Reconciled
68597682,DOUBLE HEADED DRAGON,W," ",SORRELL CASADA AARON,25.00,00816076637,"BMI     ",09/03/2024,WORKS REGISTRATION,"           ",Reconciled
68597682,DOUBLE HEADED DRAGON,W," ",WASHINGTON DENZEL THOMAS,25.00,00839001158,"BMI     ",09/03/2024,WORKS REGISTRATION,"           ",Reconciled
68597708,WHEN THEM APES COMIN,P,O,EMPIRE STRIKES FIRST,16.68,00747866487,"BMI     ",12/04/2025,WORKS REGISTRATION,T3265159697,Reconciled
68597708,WHEN THEM APES COMIN,P,O,UNKNOWN PUBLISHER,66.60,00288936892,"NA      ",12/04/2025,WORKS REGISTRATION,T3265159697,Reconciled
68597708,WHEN THEM APES COMIN,P,O,TF ENTERTAINMENT,16.68,00832610267,"BMI     ",12/04/2025,WORKS REGISTRATION,T3265159697,Reconciled
68597708,WHEN THEM APES COMIN,W," ",RICHERSON DURRELL,16.68,00570074171,"ASCAP   ",12/04/2025,WORKS REGISTRATION,T3265159697,Reconciled
68597708,WHEN THEM APES COMIN,W," ",SORRELL CASADA AARON,16.66,00816076637,"BMI     ",12/04/2025,WORKS REGISTRATION,T3265159697,Reconciled
68597708,WHEN THEM APES COMIN,W," ",DEE HAMM,50.00,00831035182,"BMI     ",12/04/2025,WORKS REGISTRATION,T3265159697,Reconciled
68597708,WHEN THEM APES COMIN,W," ",WASHINGTON DENZEL THOMAS,16.68,00839001158,"BMI     ",12/04/2025,WORKS REGISTRATION,T3265159697,Reconciled
68599201,TALK MY SHIT,P,O,UNKNOWN PUBLISHER,50.00,00288936892,"NA      ",01/08/2025,WORKS REGISTRATION,"           ",Reconciled
68599201,TALK MY SHIT,W," ",UNKNOWN WRITER,50.00,00396710530,"NA      ",01/08/2025,WORKS REGISTRATION,"           ",Reconciled
68599201,TALK MY SHIT,P,O,EMPIRE STRIKES FIRST,25.00,00747866487,"BMI     ",01/08/2025,WORKS REGISTRATION,"           ",Reconciled
68599201,TALK MY SHIT,P,O,TF ENTERTAINMENT,25.00,00832610267,"BMI     ",01/08/2025,WORKS REGISTRATION,"           ",Reconciled
68599201,TALK MY SHIT,W," ",SORRELL CASADA AARON,25.00,00816076637,"BMI     ",01/08/2025,WORKS REGISTRATION,"           ",Reconciled
68599201,TALK MY SHIT,W," ",WASHINGTON DENZEL THOMAS,25.00,00839001158,"BMI     ",01/08/2025,WORKS REGISTRATION,"           ",Reconciled
68600193,CHIEF KEEF,P,O,TF ENTERTAINMENT,50.00,00832610267,"BMI     ",01/09/2025,WORKS REGISTRATION,T3267786250,Pending Society Review
68600193,CHIEF KEEF,P,O,CASADA AARON SORRELL PUB DESIG,50.00,"           ","NA      ",01/09/2025,WORKS REGISTRATION,T3267786250,Pending Society Review
68600193,CHIEF KEEF,W," ",CLARK DAVAUGHN DMAR MR,50.00,00803933054,"BMI     ",01/09/2025,WORKS REGISTRATION,T3267786250,Pending Society Review
68600193,CHIEF KEEF,W," ",SORRELL CASADA AARON,50.00,00816076637,"BMI     ",01/09/2025,WORKS REGISTRATION,T3267786250,Pending Society Review
69402026,ON THA FLO,P,S,KOBALT MUSIC PUBLISHING LTD CANADA,0.00,00418611274,"NA      ",02/03/2026,WORKS REGISTRATION,"           ",Pending Society Review
69402026,ON THA FLO,P,O,UNKNOWN PUBLISHER,82.50,00288936892,"NA      ",02/03/2026,WORKS REGISTRATION,"           ",Pending Society Review
69402026,ON THA FLO,P,S,SONGS OF KOBALT MUSIC PUBLISHING,17.50,00401084411,"BMI     ",02/03/2026,WORKS REGISTRATION,"           ",Pending Society Review
69402026,ON THA FLO,W," ",WILLIAMS IAN,5.00,"           ","NA      ",02/03/2026,WORKS REGISTRATION,"           ",Pending Society Review
69402026,ON THA FLO,W," ",MCGEE JOHN STEVEN,17.50,00517738336,"BMI     ",02/03/2026,WORKS REGISTRATION,"           ",Pending Society Review
69402026,ON THA FLO,W," ",COOK QUINTON LAMAR,17.50,00774036141,"ASCAP   ",02/03/2026,WORKS REGISTRATION,"           ",Pending Society Review
69402026,ON THA FLO,W," ",UNKNOWN COMPOSER,10.00,"           ","NA      ",02/03/2026,WORKS REGISTRATION,"           ",Pending Society Review
69402026,ON THA FLO,P,O,SK MUSIC LLC,0.00,01122712601,"NA      ",02/03/2026,WORKS REGISTRATION,"           ",Pending Society Review
69402026,ON THA FLO,W," ",KNIGHT ARKEISHA,20.00,00754803528,"BMI     ",02/03/2026,WORKS REGISTRATION,"           ",Pending Society Review
69402026,ON THA FLO,W," ",SORRELL CASADA AARON,15.00,00816076637,"BMI     ",02/03/2026,WORKS REGISTRATION,"           ",Pending Society Review
69402026,ON THA FLO,W," ",CARLEY RICKIE,10.00,00852462825,"ASCAP   ",02/03/2026,WORKS REGISTRATION,"           ",Pending Society Review
69402026,ON THA FLO,W," ",VINSON MITCHELL SHERROD,5.00,01054629363,"BMI     ",02/03/2026,WORKS REGISTRATION,"           ",Pending Society Review
69755087,REAL PAIN,P,O,IPM SONGS,50.00,01171442284,"BMI     ",11/12/2024,WORKS REGISTRATION,T3289948712,Reconciled
69755087,REAL PAIN,P,O,SONGS BY SAMBAMUSICPUBLISHING,50.00,00895238296,"BMI     ",11/12/2024,WORKS REGISTRATION,T3289948712,Reconciled
69755087,REAL PAIN,W," ",GARRISON STEFEN MAURICE (MR),50.00,00704509952,"BMI     ",11/12/2024,WORKS REGISTRATION,T3289948712,Reconciled
69755087,REAL PAIN,W," ",SORRELL CASADA AARON,50.00,00816076637,"BMI     ",11/12/2024,WORKS REGISTRATION,T3289948712,Reconciled
70358379,DIRTY DIRTY,P,O,WC MUSIC CORP,16.66,00053026414,"ASCAP   ",01/31/2025,WORKS REGISTRATION,T3303487318,Reconciled
70358379,DIRTY DIRTY,P,O,UNKNOWN PUBLISHER,16.68,00288936892,"NA      ",01/31/2025,WORKS REGISTRATION,T3303487318,Reconciled
70358379,DIRTY DIRTY,P,O,CONCORD COPYRIGHTS,40.00,00871288311,"BMI     ",01/31/2025,WORKS REGISTRATION,T3303487318,Reconciled
70358379,DIRTY DIRTY,W," ",SHOATES LEWIS D,16.66,00769031231,"ASCAP   ",01/31/2025,WORKS REGISTRATION,T3303487318,Reconciled
70358379,DIRTY DIRTY,P,O,CULTURE HOUSE MUSIC PUBLISHING GROUP LLC,26.67,01066612467,"BMI     ",01/31/2025,WORKS REGISTRATION,T3303487318,Reconciled
70358379,DIRTY DIRTY,W," ",ARTERBERRY DAKOTA JAY MR,16.67,00754825612,"BMI     ",01/31/2025,WORKS REGISTRATION,T3303487318,Reconciled
70358379,DIRTY DIRTY,W," ",SORRELL CASADA AARON,16.67,00816076637,"BMI     ",01/31/2025,WORKS REGISTRATION,T3303487318,Reconciled
70358379,DIRTY DIRTY,W," ",CONSTABLE PHILIP (MR),40.00,00513353387,"BMI     ",01/31/2025,WORKS REGISTRATION,T3303487318,Reconciled
70358379,DIRTY DIRTY,W," ",MILLS DUWAYNE,10.00,01073742657,"BMI     ",01/31/2025,WORKS REGISTRATION,T3303487318,Reconciled
70358392,RUNNING OUT OF WHISKEY,P,O,WC MUSIC CORP,16.66,00053026414,"ASCAP   ",01/31/2025,WORKS REGISTRATION,T3303487294,Pending Society Review
70358392,RUNNING OUT OF WHISKEY,P,O,UNKNOWN PUBLISHER,16.68,00288936892,"NA      ",01/31/2025,WORKS REGISTRATION,T3303487294,Pending Society Review
70358392,RUNNING OUT OF WHISKEY,P,O,CONCORD COPYRIGHTS,40.00,00871288311,"BMI     ",01/31/2025,WORKS REGISTRATION,T3303487294,Pending Society Review
70358392,RUNNING OUT OF WHISKEY,W," ",SHOATES LEWIS D,16.66,00769031231,"ASCAP   ",01/31/2025,WORKS REGISTRATION,T3303487294,Pending Society Review
70358392,RUNNING OUT OF WHISKEY,P,O,CULTURE HOUSE MUSIC PUBLISHING GROUP LLC,26.67,01066612467,"BMI     ",01/31/2025,WORKS REGISTRATION,T3303487294,Pending Society Review
70358392,RUNNING OUT OF WHISKEY,W," ",ARTERBERRY DAKOTA JAY MR,16.67,00754825612,"BMI     ",01/31/2025,WORKS REGISTRATION,T3303487294,Pending Society Review
70358392,RUNNING OUT OF WHISKEY,W," ",SORRELL CASADA AARON,16.67,00816076637,"BMI     ",01/31/2025,WORKS REGISTRATION,T3303487294,Pending Society Review
70358392,RUNNING OUT OF WHISKEY,W," ",CONSTABLE PHILIP (MR),40.00,00513353387,"BMI     ",01/31/2025,WORKS REGISTRATION,T3303487294,Pending Society Review
70358392,RUNNING OUT OF WHISKEY,W," ",MILLS DUWAYNE,10.00,01073742657,"BMI     ",01/31/2025,WORKS REGISTRATION,T3303487294,Pending Society Review
70358449,CAN I,P,O,WC MUSIC CORP,16.66,00053026414,"ASCAP   ",01/27/2025,WORKS REGISTRATION,T3303486859,Reconciled
70358449,CAN I,P,O,UNKNOWN PUBLISHER,16.64,00288936892,"NA      ",01/27/2025,WORKS REGISTRATION,T3303486859,Reconciled
70358449,CAN I,W," ",SHOATES LEWIS D,16.66,00769031231,"ASCAP   ",01/27/2025,WORKS REGISTRATION,T3303486859,Reconciled
70358449,CAN I,P,O,CULTURE HOUSE MUSIC PUBLISHING GROUP LLC,16.67,01066612467,"BMI     ",01/27/2025,WORKS REGISTRATION,T3303486859,Reconciled
70358449,CAN I,W," ",ARTERBERRY DAKOTA JAY MR,16.67,00754825612,"BMI     ",01/27/2025,WORKS REGISTRATION,T3303486859,Reconciled
70358449,CAN I,W," ",SORRELL CASADA AARON,16.67,00816076637,"BMI     ",01/27/2025,WORKS REGISTRATION,T3303486859,Reconciled
70358449,CAN I,W," ",ROBERTS ANTHONY TYLOR MR,50.00,00862679590,"BMI     ",01/27/2025,WORKS REGISTRATION,T3303486859,Reconciled
70358452,DADA,P,O,WC MUSIC CORP,16.66,00053026414,"ASCAP   ",01/27/2025,WORKS REGISTRATION,T3303487147,Reconciled
70358452,DADA,P,O,UNKNOWN PUBLISHER,16.64,00288936892,"NA      ",01/27/2025,WORKS REGISTRATION,T3303487147,Reconciled
70358452,DADA,W," ",SHOATES LEWIS D,16.66,00769031231,"ASCAP   ",01/27/2025,WORKS REGISTRATION,T3303487147,Reconciled
70358452,DADA,P,O,CULTURE HOUSE MUSIC PUBLISHING GROUP LLC,16.67,01066612467,"BMI     ",01/27/2025,WORKS REGISTRATION,T3303487147,Reconciled
70358452,DADA,W," ",ARTERBERRY DAKOTA JAY MR,16.67,00754825612,"BMI     ",01/27/2025,WORKS REGISTRATION,T3303487147,Reconciled
70358452,DADA,W," ",SORRELL CASADA AARON,16.67,00816076637,"BMI     ",01/27/2025,WORKS REGISTRATION,T3303487147,Reconciled
70358452,DADA,W," ",ROBERTS ANTHONY TYLOR MR,50.00,00862679590,"BMI     ",01/27/2025,WORKS REGISTRATION,T3303487147,Reconciled
70358459,MUD DAWGS,P,O,WC MUSIC CORP,16.66,00053026414,"ASCAP   ",01/27/2025,WORKS REGISTRATION,T3303486984,Reconciled
70358459,MUD DAWGS,P,O,UNKNOWN PUBLISHER,66.68,00288936892,"NA      ",01/27/2025,WORKS REGISTRATION,T3303486984,Reconciled
70358459,MUD DAWGS,W," ",SHOATES LEWIS D,16.66,00769031231,"ASCAP   ",01/27/2025,WORKS REGISTRATION,T3303486984,Reconciled
70358459,MUD DAWGS,P,O,CULTURE HOUSE MUSIC PUBLISHING GROUP LLC,16.67,01066612467,"BMI     ",01/27/2025,WORKS REGISTRATION,T3303486984,Reconciled
70358459,MUD DAWGS,W," ",ARTERBERRY DAKOTA JAY MR,16.67,00754825612,"BMI     ",01/27/2025,WORKS REGISTRATION,T3303486984,Reconciled
70358459,MUD DAWGS,W," ",SORRELL CASADA AARON,16.67,00816076637,"BMI     ",01/27/2025,WORKS REGISTRATION,T3303486984,Reconciled
70358459,MUD DAWGS,W," ",ROBERTS ANTHONY TYLOR MR,50.00,00862679590,"BMI     ",01/27/2025,WORKS REGISTRATION,T3303486984,Reconciled
71223261,2K24,P,O,SONY ATV SONGS LLC,50.00,00187095633,"BMI     ",01/27/2025,WORKS REGISTRATION,T3303388407,Reconciled
71223261,2K24,P,O,TF ENTERTAINMENT,50.00,00832610267,"BMI     ",01/27/2025,WORKS REGISTRATION,T3303388407,Reconciled
71223261,2K24,W," ",SORRELL CASADA AARON,50.00,00816076637,"BMI     ",01/27/2025,WORKS REGISTRATION,T3303388407,Reconciled
71223261,2K24,W," ",WHITE JOSHUA CAMRON (MR),50.00,00878203414,"BMI     ",01/27/2025,WORKS REGISTRATION,T3303388407,Reconciled
71486810,OH BOY,P,O,UNKNOWN PUBLISHER,50.00,00288936892,"NA      ",03/06/2025,WORKS REGISTRATION,"           ",Pending Society Review
71486810,OH BOY,W," ",UNKNOWN WRITER,50.00,00396710530,"NA      ",03/06/2025,WORKS REGISTRATION,"           ",Pending Society Review
71486810,OH BOY,P,O,EMPIRE STRIKES FIRST,15.00,00747866487,"BMI     ",03/06/2025,WORKS REGISTRATION,"           ",Pending Society Review
71486810,OH BOY,P,O,TF ENTERTAINMENT,35.00,00832610267,"BMI     ",03/06/2025,WORKS REGISTRATION,"           ",Pending Society Review
71486810,OH BOY,W," ",SORRELL CASADA AARON,35.00,00816076637,"BMI     ",03/06/2025,WORKS REGISTRATION,"           ",Pending Society Review
71486810,OH BOY,W," ",WASHINGTON DENZEL THOMAS,15.00,00839001158,"BMI     ",03/06/2025,WORKS REGISTRATION,"           ",Pending Society Review
71487081,FMBROTHAS,P,O,EMPIRE STRIKES FIRST,20.00,00747866487,"BMI     ",01/27/2026,WORKS REGISTRATION,"           ",Reconciled
71487081,FMBROTHAS,P,O,UNKNOWN PUBLISHER,70.00,00288936892,"NA      ",01/27/2026,WORKS REGISTRATION,"           ",Reconciled
71487081,FMBROTHAS,W," ",UNKNOWN WRITER,50.00,00396710530,"NA      ",01/27/2026,WORKS REGISTRATION,"           ",Reconciled
71487081,FMBROTHAS,P,O,TF ENTERTAINMENT,10.00,00832610267,"BMI     ",01/27/2026,WORKS REGISTRATION,"           ",Reconciled
71487081,FMBROTHAS,W," ",SORRELL CASADA AARON,10.00,00816076637,"BMI     ",01/27/2026,WORKS REGISTRATION,"           ",Reconciled
71487081,FMBROTHAS,W," ",WASHINGTON DENZEL THOMAS,20.00,00839001158,"BMI     ",01/27/2026,WORKS REGISTRATION,"           ",Reconciled
71487081,FMBROTHAS,W," ",THOMAS KYREACE MICHAEL MR,20.00,00846015839,"BMI     ",01/27/2026,WORKS REGISTRATION,"           ",Reconciled
71487091,PACK ATTACK,P,O,EMPIRE STRIKES FIRST,10.00,00747866487,"BMI     ",01/27/2026,WORKS REGISTRATION,"           ",Reconciled
71487091,PACK ATTACK,P,O,UNKNOWN PUBLISHER,80.00,00288936892,"NA      ",01/27/2026,WORKS REGISTRATION,"           ",Reconciled
71487091,PACK ATTACK,W," ",UNKNOWN WRITER,50.00,00396710530,"NA      ",01/27/2026,WORKS REGISTRATION,"           ",Reconciled
71487091,PACK ATTACK,W," ",STEVENS EARL T,30.00,00189648899,"BMI     ",01/27/2026,WORKS REGISTRATION,"           ",Reconciled
71487091,PACK ATTACK,P,O,TF ENTERTAINMENT,10.00,00832610267,"BMI     ",01/27/2026,WORKS REGISTRATION,"           ",Reconciled
71487091,PACK ATTACK,W," ",SORRELL CASADA AARON,10.00,00816076637,"BMI     ",01/27/2026,WORKS REGISTRATION,"           ",Reconciled
71487091,PACK ATTACK,W," ",WASHINGTON DENZEL THOMAS,10.00,00839001158,"BMI     ",01/27/2026,WORKS REGISTRATION,"           ",Reconciled
71487298,BIG DAWG STATUS REMIX,P,O,UNKNOWN PUBLISHER,70.00,00288936892,"NA      ",04/25/2025,WORKS REGISTRATION,"           ",Pending Society Review
71487298,BIG DAWG STATUS REMIX,W," ",BEASLEY PHILLIP ANTHONY,10.00,00485487501,"ASCAP   ",04/25/2025,WORKS REGISTRATION,"           ",Pending Society Review
71487298,BIG DAWG STATUS REMIX,W," ",BANKS DURK D,10.00,00674059328,"NA      ",04/25/2025,WORKS REGISTRATION,"           ",Pending Society Review
71487298,BIG DAWG STATUS REMIX,P,O,EMPIRE STRIKES FIRST,10.00,00747866487,"BMI     ",04/25/2025,WORKS REGISTRATION,"           ",Pending Society Review
71487298,BIG DAWG STATUS REMIX,W," ",BUELLER PARIS,25.00,00738434131,"ASCAP   ",04/25/2025,WORKS REGISTRATION,"           ",Pending Society Review
71487298,BIG DAWG STATUS REMIX,P,O,TF ENTERTAINMENT,10.00,00832610267,"BMI     ",04/25/2025,WORKS REGISTRATION,"           ",Pending Society Review
71487298,BIG DAWG STATUS REMIX,P,O,EMPIRE SF,10.00,00715020885,"ASCAP   ",04/25/2025,WORKS REGISTRATION,"           ",Pending Society Review
71487298,BIG DAWG STATUS REMIX,W," ",BOY GORILLA,25.00,"           ","NA      ",04/25/2025,WORKS REGISTRATION,"           ",Pending Society Review
71487298,BIG DAWG STATUS REMIX,W," ",QUE,10.00,"           ","NA      ",04/25/2025,WORKS REGISTRATION,"           ",Pending Society Review
71487298,BIG DAWG STATUS REMIX,W," ",SORRELL CASADA AARON,10.00,00816076637,"BMI     ",04/25/2025,WORKS REGISTRATION,"           ",Pending Society Review
71487298,BIG DAWG STATUS REMIX,W," ",WASHINGTON DENZEL THOMAS,10.00,00839001158,"BMI     ",04/25/2025,WORKS REGISTRATION,"           ",Pending Society Review
71528016,FRESH LIKE ME,P,O,FUTURISTIC PUBLISHING LLC,100.00,01236131688,"BMI     ",03/12/2025,WORKS REGISTRATION,T3312280603,Reconciled
71528016,FRESH LIKE ME,W," ",SORRELL CASADA AARON,33.00,00816076637,"BMI     ",03/12/2025,WORKS REGISTRATION,T3312280603,Reconciled
71528016,FRESH LIKE ME,W," ",PAIGE CAVON DESHUN SR MR,33.00,00392145067,"BMI     ",03/12/2025,WORKS REGISTRATION,T3312280603,Reconciled
71528016,FRESH LIKE ME,W," ",FENN ANTONIO JAMONT MR,34.00,01188170636,"BMI     ",03/12/2025,WORKS REGISTRATION,T3312280603,Reconciled
71917121,WORKED UP,W," ",UNKNOWN WRITER,50.00,00396710530,"NA      ",03/21/2025,WORKS REGISTRATION,"           ",Reconciled
71917121,WORKED UP,P,O,FRONTLINE PRODUCTIONS DETROIT,25.00,00864905897,"BMI     ",03/21/2025,WORKS REGISTRATION,"           ",Reconciled
71917121,WORKED UP,W," ",THATGAL RICCI,50.00,"           ","NA      ",03/21/2025,WORKS REGISTRATION,"           ",Reconciled
71917121,WORKED UP,W," ",SORRELL CASADA AARON,50.00,00816076637,"BMI     ",03/21/2025,WORKS REGISTRATION,"           ",Reconciled
71917121,WORKED UP,W," ",HUGHES DAVID LANGSTON MR,25.00,01155836246,"BMI     ",03/21/2025,WORKS REGISTRATION,"           ",Reconciled
72267588,ONE TIME,P,O,EMPIRE STRIKES FIRST,25.00,00747866487,"BMI     ",01/28/2026,WORKS REGISTRATION,"           ",Pending Society Review
72267588,ONE TIME,P,O,UNKNOWN PUBLISHER,50.00,00288936892,"NA      ",01/28/2026,WORKS REGISTRATION,"           ",Pending Society Review
72267588,ONE TIME,P,O,TF ENTERTAINMENT,25.00,00832610267,"BMI     ",01/28/2026,WORKS REGISTRATION,"           ",Pending Society Review
72267588,ONE TIME,W," ",BEATZ ANTT,50.00,"           ","NA      ",01/28/2026,WORKS REGISTRATION,"           ",Pending Society Review
72267588,ONE TIME,W," ",SORRELL CASADA AARON,25.00,00816076637,"BMI     ",01/28/2026,WORKS REGISTRATION,"           ",Pending Society Review
72267588,ONE TIME,W," ",WASHINGTON DENZEL THOMAS,25.00,00839001158,"BMI     ",01/28/2026,WORKS REGISTRATION,"           ",Pending Society Review
72326255,2016,P,O,WARNER-TAMERLANE PUBLISHING CORP,50.00,00185314175,"BMI     ",10/01/2025,WORKS REGISTRATION,T3356145723,Reconciled
72326255,2016,W," ",SORRELL CASADA AARON,100.00,00816076637,"BMI     ",10/01/2025,WORKS REGISTRATION,T3356145723,Reconciled
72326255,2016,W," ",TOPE ALLASSNE,50.00,01147425954,"BMI     ",10/01/2025,WORKS REGISTRATION,T3356145723,Reconciled
72677027,LULRAY,P,O,SONY/ATV SONGS LLC,50.00,00187062752,"BMI     ",09/12/2025,WORKS REGISTRATION,T3351689840,Reconciled
72677027,LULRAY,P,O,TF ENTERTAINMENT,50.00,00832610267,"BMI     ",09/12/2025,WORKS REGISTRATION,T3351689840,Reconciled
72677027,LULRAY,W," ",SORRELL CASADA AARON,50.00,00816076637,"BMI     ",09/12/2025,WORKS REGISTRATION,T3351689840,Reconciled
72677027,LULRAY,W," ",WHITE JOSHUA CAMRON (MR),50.00,00878203414,"BMI     ",09/12/2025,WORKS REGISTRATION,T3351689840,Reconciled
72677036,KASINO,P,O,UNKNOWN PUBLISHER,50.00,00288936892,"NA      ",08/28/2025,WORKS REGISTRATION,T3348437010,Reconciled
72677036,KASINO,P,O,TF ENTERTAINMENT,50.00,00832610267,"BMI     ",08/28/2025,WORKS REGISTRATION,T3348437010,Reconciled
72677036,KASINO,W," ",SORRELL CASADA AARON,50.00,00816076637,"BMI     ",08/28/2025,WORKS REGISTRATION,T3348437010,Reconciled
72677036,KASINO,W," ",JAYC MIA,50.00,00878203512,"BMI     ",08/28/2025,WORKS REGISTRATION,T3348437010,Reconciled
72677041,RELAPSE,P,O,UNKNOWN PUBLISHER,50.00,00288936892,"NA      ",08/22/2025,WORKS REGISTRATION,"           ",Reconciled
72677041,RELAPSE,P,O,TF ENTERTAINMENT,50.00,00832610267,"BMI     ",08/22/2025,WORKS REGISTRATION,"           ",Reconciled
72677041,RELAPSE,W," ",MILANO DERRICK,50.00,"           ","NA      ",08/22/2025,WORKS REGISTRATION,"           ",Reconciled
72677041,RELAPSE,W," ",SORRELL CASADA AARON,50.00,00816076637,"BMI     ",08/22/2025,WORKS REGISTRATION,"           ",Reconciled
72677042,ASHLEY BROTHA,P,O,UNKNOWN PUBLISHER,50.00,00288936892,"NA      ",09/12/2025,WORKS REGISTRATION,T3351689691,Reconciled
72677042,ASHLEY BROTHA,W," ",JENKINS CRAIG KYLE (MR),50.00,00544740451,"BMI     ",09/12/2025,WORKS REGISTRATION,T3351689691,Reconciled
72677042,ASHLEY BROTHA,P,O,TF ENTERTAINMENT,50.00,00832610267,"BMI     ",09/12/2025,WORKS REGISTRATION,T3351689691,Reconciled
72677042,ASHLEY BROTHA,W," ",SORRELL CASADA AARON,50.00,00816076637,"BMI     ",09/12/2025,WORKS REGISTRATION,T3351689691,Reconciled
72677081,TYLER DURDEN,P,O,UNKNOWN PUBLISHER,50.00,00288936892,"NA      ",09/18/2025,WORKS REGISTRATION,T3353075482,Reconciled
72677081,TYLER DURDEN,P,O,TF ENTERTAINMENT,50.00,00832610267,"BMI     ",09/18/2025,WORKS REGISTRATION,T3353075482,Reconciled
72677081,TYLER DURDEN,W," ",SORRELL CASADA AARON,50.00,00816076637,"BMI     ",09/18/2025,WORKS REGISTRATION,T3353075482,Reconciled
72677081,TYLER DURDEN,W," ",JAYC MIA,50.00,00878203512,"BMI     ",09/18/2025,WORKS REGISTRATION,T3353075482,Reconciled
72677082,NEMA NEPHEW,P,O,UNKNOWN PUBLISHER,50.00,00288936892,"NA      ",09/15/2025,WORKS REGISTRATION,T3353075448,Reconciled
72677082,NEMA NEPHEW,P,O,TF ENTERTAINMENT,50.00,00832610267,"BMI     ",09/15/2025,WORKS REGISTRATION,T3353075448,Reconciled
72677082,NEMA NEPHEW,W," ",SORRELL CASADA AARON,50.00,00816076637,"BMI     ",09/15/2025,WORKS REGISTRATION,T3353075448,Reconciled
72677082,NEMA NEPHEW,W," ",JAYC MIA,50.00,00878203512,"BMI     ",09/15/2025,WORKS REGISTRATION,T3353075448,Reconciled
72677116,DT VOICE,P,O,UNKNOWN PUBLISHER,25.00,00288936892,"NA      ",09/16/2025,WORKS REGISTRATION,T3353075379,Reconciled
72677116,DT VOICE,P,O,TENYOR MUSIC,12.50,00263286262,"BMI     ",09/16/2025,WORKS REGISTRATION,T3353075379,Reconciled
72677116,DT VOICE,P,O,ASKIA WORLDWIDE PUBLISHING,12.50,00674024551,"BMI     ",09/16/2025,WORKS REGISTRATION,T3353075379,Reconciled
72677116,DT VOICE,P,O,TF ENTERTAINMENT,50.00,00832610267,"BMI     ",09/16/2025,WORKS REGISTRATION,T3353075379,Reconciled
72677116,DT VOICE,W," ",SORRELL CASADA AARON,50.00,00816076637,"BMI     ",09/16/2025,WORKS REGISTRATION,T3353075379,Reconciled
72677116,DT VOICE,W," ",JAYC MIA,25.00,00878203512,"BMI     ",09/16/2025,WORKS REGISTRATION,T3353075379,Reconciled
72677116,DT VOICE,W," ",CHERRY BRANDON LEE,25.00,00367234354,"BMI     ",09/16/2025,WORKS REGISTRATION,T3353075379,Reconciled
72677117,KNUCKLES,P,O,SONY/ATV SONGS LLC,50.00,00187062752,"BMI     ",08/28/2025,WORKS REGISTRATION,T3348436993,Reconciled
72677117,KNUCKLES,P,O,TF ENTERTAINMENT,50.00,00832610267,"BMI     ",08/28/2025,WORKS REGISTRATION,T3348436993,Reconciled
72677117,KNUCKLES,W," ",SORRELL CASADA AARON,50.00,00816076637,"BMI     ",08/28/2025,WORKS REGISTRATION,T3348436993,Reconciled
72677117,KNUCKLES,W," ",JAYC MIA,50.00,00878203512,"BMI     ",08/28/2025,WORKS REGISTRATION,T3348436993,Reconciled
72677130,TO THE MONEY,P,O,UNKNOWN PUBLISHER,75.00,00288936892,"NA      ",10/08/2025,WORKS REGISTRATION,"           ",Reconciled
72677130,TO THE MONEY,P,O,TF ENTERTAINMENT,25.00,00832610267,"BMI     ",10/08/2025,WORKS REGISTRATION,"           ",Reconciled
72677130,TO THE MONEY,W," ",PRIMO DANTE,50.00,"           ","NA      ",10/08/2025,WORKS REGISTRATION,"           ",Reconciled
72677130,TO THE MONEY,W," ",SORRELL CASADA AARON,25.00,00816076637,"BMI     ",10/08/2025,WORKS REGISTRATION,"           ",Reconciled
72677130,TO THE MONEY,W," ",ROBINSON LAKEYAH DANEE,25.00,00391204479,"ASCAP   ",10/08/2025,WORKS REGISTRATION,"           ",Reconciled
72677149,SOFT SPOT 955 REMIX,P,O,UNKNOWN PUBLISHER,75.00,00288936892,"NA      ",07/01/2025,WORKS REGISTRATION,"           ",Reconciled
72677149,SOFT SPOT 955 REMIX,P,O,TF ENTERTAINMENT,25.00,00832610267,"BMI     ",07/01/2025,WORKS REGISTRATION,"           ",Reconciled
72677149,SOFT SPOT 955 REMIX,W," ",BERISHAJ CHRISTIAN,75.00,"           ","NA      ",07/01/2025,WORKS REGISTRATION,"           ",Reconciled
72677149,SOFT SPOT 955 REMIX,W," ",SORRELL CASADA AARON,25.00,00816076637,"BMI     ",07/01/2025,WORKS REGISTRATION,"           ",Reconciled
72677150,FOOD STAMP FELONS,P,O,UNKNOWN PUBLISHER,65.00,00288936892,"NA      ",10/02/2025,WORKS REGISTRATION,T3356144219,Reconciled
72677150,FOOD STAMP FELONS,P,O,TF ENTERTAINMENT,35.00,00832610267,"BMI     ",10/02/2025,WORKS REGISTRATION,T3356144219,Reconciled
72677150,FOOD STAMP FELONS,W," ",SORRELL CASADA AARON,35.00,00816076637,"BMI     ",10/02/2025,WORKS REGISTRATION,T3356144219,Reconciled
72677150,FOOD STAMP FELONS,W," ",JAYC MIA,50.00,00878203512,"BMI     ",10/02/2025,WORKS REGISTRATION,T3356144219,Reconciled
72677150,FOOD STAMP FELONS,W," ",GARDNER TREVON MR,15.00,00377302752,"BMI     ",10/02/2025,WORKS REGISTRATION,T3356144219,Reconciled
72677152,DOLLA KUZIN,P,O,UNKNOWN PUBLISHER,50.00,00288936892,"NA      ",09/02/2025,WORKS REGISTRATION,T3349659974,Reconciled
72677152,DOLLA KUZIN,P,O,TF ENTERTAINMENT,50.00,00832610267,"BMI     ",09/02/2025,WORKS REGISTRATION,T3349659974,Reconciled
72677152,DOLLA KUZIN,W," ",SORRELL CASADA AARON,50.00,00816076637,"BMI     ",09/02/2025,WORKS REGISTRATION,T3349659974,Reconciled
72677152,DOLLA KUZIN,W," ",JAYC MIA,50.00,00878203512,"BMI     ",09/02/2025,WORKS REGISTRATION,T3349659974,Reconciled
72677161,MOONAH MOOD,P,O,UNKNOWN PUBLISHER,50.00,00288936892,"NA      ",10/09/2025,WORKS REGISTRATION,"           ",Reconciled
72677161,MOONAH MOOD,P,O,TF ENTERTAINMENT,50.00,00832610267,"BMI     ",10/09/2025,WORKS REGISTRATION,"           ",Reconciled
72677161,MOONAH MOOD,W," ",PRIMO DANTE,50.00,"           ","NA      ",10/09/2025,WORKS REGISTRATION,"           ",Reconciled
72677161,MOONAH MOOD,W," ",SORRELL CASADA AARON,50.00,00816076637,"BMI     ",10/09/2025,WORKS REGISTRATION,"           ",Reconciled
73893176,TOOTH ACHE,P,O,UNKNOWN PUBLISHER,50.00,00288936892,"NA      ",12/15/2025,WORKS REGISTRATION,T3371826227,Reconciled
73893176,TOOTH ACHE,P,O,WARNER-TAMERLANE PUBLISHING CORP,50.00,00185314175,"BMI     ",12/15/2025,WORKS REGISTRATION,T3371826227,Reconciled
73893176,TOOTH ACHE,W," ",SORRELL CASADA AARON,50.00,00816076637,"BMI     ",12/15/2025,WORKS REGISTRATION,T3371826227,Reconciled
73893176,TOOTH ACHE,W," ",LOTAS SHERRATT HENRY AUGUST (MR),50.00,00376310172,"BMI     ",12/15/2025,WORKS REGISTRATION,T3371826227,Reconciled
73958552,CHUCK MONEY,P,O,UNKNOWN PUBLISHER,65.00,00288936892,"NA      ",08/28/2025,WORKS REGISTRATION,"           ",Reconciled
73958552,CHUCK MONEY,W," ",UNKNOWN WRITER,65.00,00396710530,"NA      ",08/28/2025,WORKS REGISTRATION,"           ",Reconciled
73958552,CHUCK MONEY,P,O,TF ENTERTAINMENT,35.00,00832610267,"BMI     ",08/28/2025,WORKS REGISTRATION,"           ",Reconciled
73958552,CHUCK MONEY,W," ",SORRELL CASADA AARON,35.00,00816076637,"BMI     ",08/28/2025,WORKS REGISTRATION,"           ",Reconciled
74268948,PLAYGROUND,W," ",KHARCHENKO OLESKSII,16.66,"           ","NA      ",02/19/2026,WORKS REGISTRATION,"           ",Pending Society Review
74268948,PLAYGROUND,P,O,WC MUSIC CORP,16.68,00053026414,"ASCAP   ",02/19/2026,WORKS REGISTRATION,"           ",Pending Society Review
74268948,PLAYGROUND,P,O,UNKNOWN PUBLISHER,83.32,00288936892,"NA      ",02/19/2026,WORKS REGISTRATION,"           ",Pending Society Review
74268948,PLAYGROUND,W," ",LIEMAN KOLBY GRAY,16.68,01054122014,"ASCAP   ",02/19/2026,WORKS REGISTRATION,"           ",Pending Society Review
74268948,PLAYGROUND,W," ",VALDEZ JAIME,25.00,01079240456,"ASCAP   ",02/19/2026,WORKS REGISTRATION,"           ",Pending Society Review
74268948,PLAYGROUND,P,O,GRAYVUESMUSICPUBLISHING,0.00,01136842262,"ASCAP   ",02/19/2026,WORKS REGISTRATION,"           ",Pending Society Review
74268948,PLAYGROUND,P,O,RGMP,0.00,01187138732,"ASCAP   ",02/19/2026,WORKS REGISTRATION,"           ",Pending Society Review
74268948,PLAYGROUND,W," ",SORRELL CASADA AARON,25.00,00816076637,"BMI     ",02/19/2026,WORKS REGISTRATION,"           ",Pending Society Review
74268948,PLAYGROUND,W," ",TODDWILLIAMS ERIC ALEXIS,16.68,01122945181,"ASCAP   ",02/19/2026,WORKS REGISTRATION,"           ",Pending Society Review
74845226,BIGSKUBA,P,O,UNKNOWN PUBLISHER,50.00,00288936892,"NA      ",09/12/2025,WORKS REGISTRATION,T3351651593,Reconciled
74845226,BIGSKUBA,P,O,WARNER-TAMERLANE PUBLISHING CORP,50.00,00185314175,"BMI     ",09/12/2025,WORKS REGISTRATION,T3351651593,Reconciled
74845226,BIGSKUBA,W," ",MC CURTIS MARTIN RAFEAL,50.00,00473414655,"BMI     ",09/12/2025,WORKS REGISTRATION,T3351651593,Reconciled
74845226,BIGSKUBA,W," ",SORRELL CASADA AARON,50.00,00816076637,"BMI     ",09/12/2025,WORKS REGISTRATION,T3351651593,Reconciled
74979634,NEWPORT 500S,P,O,TRAXXFDR PUBLISHING WORLDWIDE,50.00,01090760855,"BMI     ",12/16/2025,WORKS REGISTRATION,T3371819028,Pending Society Review
74979634,NEWPORT 500S,W," ",SALINAS MATTHEW ROBERT,50.00,00560776039,"BMI     ",12/16/2025,WORKS REGISTRATION,T3371819028,Pending Society Review
74979634,NEWPORT 500S,W," ",SORRELL CASADA AARON,100.00,00816076637,"BMI     ",12/16/2025,WORKS REGISTRATION,T3371819028,Pending Society Review
75337355,SPINT,P,O,SMOKE BEATS PUBLISHING,50.00,01087023372,"BMI     ",12/12/2025,WORKS REGISTRATION,T3370164168,Reconciled
75337355,SPINT,W," ",SORRELL CASADA AARON,100.00,00816076637,"BMI     ",12/12/2025,WORKS REGISTRATION,T3370164168,Reconciled
75337355,SPINT,W," ",LEE STYREAN RICHARD MR,50.00,00824826720,"BMI     ",12/12/2025,WORKS REGISTRATION,T3370164168,Reconciled
75752755,OVER PRESSIN,P,O,UNKNOWN PUBLISHER,75.00,00288936892,"NA      ",12/16/2025,WORKS REGISTRATION,T3371811171,Reconciled
75752755,OVER PRESSIN,W," ",PREJEAN TERENCE GLEN,25.00,00355964130,"BMI     ",12/16/2025,WORKS REGISTRATION,T3371811171,Reconciled
75752755,OVER PRESSIN,P,O,SONGS BY SAMBAMUSICPUBLISHING,25.00,00895238296,"BMI     ",12/16/2025,WORKS REGISTRATION,T3371811171,Reconciled
75752755,OVER PRESSIN,W," ",GARRISON STEFEN MAURICE (MR),25.00,00704509952,"BMI     ",12/16/2025,WORKS REGISTRATION,T3371811171,Reconciled
75752755,OVER PRESSIN,W," ",SORRELL CASADA AARON,50.00,00816076637,"BMI     ",12/16/2025,WORKS REGISTRATION,T3371811171,Reconciled
76583396,DOES IT AGAIN,W," ",TRACKTEAM,50.00,"           ","NA      ",01/28/2026,WORKS REGISTRATION,"           ",Pending Society Review
76583396,DOES IT AGAIN,P,O,UNKNOWN PUBLISHER,75.00,00288936892,"NA      ",01/28/2026,WORKS REGISTRATION,"           ",Pending Society Review
76583396,DOES IT AGAIN,P,O,TF ENTERTAINMENT,25.00,00832610267,"BMI     ",01/28/2026,WORKS REGISTRATION,"           ",Pending Society Review
76583396,DOES IT AGAIN,W," ",SORRELL CASADA AARON,25.00,00816076637,"BMI     ",01/28/2026,WORKS REGISTRATION,"           ",Pending Society Review
76583396,DOES IT AGAIN,W," ",HOLTON NASAAN MR,25.00,00822369144,"BMI     ",01/28/2026,WORKS REGISTRATION,"           ",Pending Society Review
76649853,SPEED RUN,P,O,TENYOR MUSIC,25.00,00263286262,"BMI     ",12/16/2025,WORKS REGISTRATION,T3371793061,Reconciled
76649853,SPEED RUN,P,O,ASKIA WORLDWIDE PUBLISHING,25.00,00674024551,"BMI     ",12/16/2025,WORKS REGISTRATION,T3371793061,Reconciled
76649853,SPEED RUN,P,O,IPM SONGS,50.00,01171442284,"BMI     ",12/16/2025,WORKS REGISTRATION,T3371793061,Reconciled
76649853,SPEED RUN,W," ",SORRELL CASADA AARON,50.00,00816076637,"BMI     ",12/16/2025,WORKS REGISTRATION,T3371793061,Reconciled
76649853,SPEED RUN,W," ",CHERRY BRANDON LEE,50.00,00367234354,"BMI     ",12/16/2025,WORKS REGISTRATION,T3371793061,Reconciled
76909255,BLOXKSIDE,P,O,KNOXTHISDATWAVE PUBLISHING,50.00,01076251565,"BMI     ",03/05/2026,WORKS REGISTRATION,"           ",Pending Society Review
76909255,BLOXKSIDE,W," ",SORRELL CASADA AARON,100.00,00816076637,"BMI     ",03/05/2026,WORKS REGISTRATION,"           ",Pending Society Review
76909255,BLOXKSIDE,W," ",ALVES BRANDON ALEXANDER MR,50.00,00856911505,"BMI     ",03/05/2026,WORKS REGISTRATION,"           ",Pending Society Review
77352909,HOUSE RULES,P,O,MANUSCRIPT,0.00,00686021835,"NA      ",01/21/2026,WORKS REGISTRATION,T3383732938,Reconciled
77352909,HOUSE RULES,W," ",LIVINGSTON DEMARIO LAMARR,150.00,00716808823,"BMI     ",01/21/2026,WORKS REGISTRATION,T3383732938,Reconciled
77352909,HOUSE RULES,W," ",SADABABY,50.00,00816076735,"BMI     ",01/21/2026,WORKS REGISTRATION,T3383732938,Reconciled
77428683,SAIBAMAN,P,O,UNKNOWN PUBLISHER,50.00,00288936892,"NA      ",02/06/2026,WORKS REGISTRATION,T3383707919,Reconciled
77428683,SAIBAMAN,P,O,SONY ATV SONGS LLC,50.00,00187095633,"BMI     ",02/06/2026,WORKS REGISTRATION,T3383707919,Reconciled
77428683,SAIBAMAN,W," ",SORRELL CASADA AARON,25.00,00816076637,"BMI     ",02/06/2026,WORKS REGISTRATION,T3383707919,Reconciled
77428683,SAIBAMAN,W," ",MCCOLLUM MILES PARKS (MR),25.00,00819974779,"BMI     ",02/06/2026,WORKS REGISTRATION,T3383707919,Reconciled
77428683,SAIBAMAN,W," ",WHITE JOSHUA CAMRON (MR),50.00,00878203414,"BMI     ",02/06/2026,WORKS REGISTRATION,T3383707919,Reconciled
77429725,YOU GLASS BOY,P,O,SONY ATV SONGS LLC,100.00,00187095633,"BMI     ",02/07/2026,WORKS REGISTRATION,T3385161019,Reconciled
77429725,YOU GLASS BOY,W," ",SORRELL CASADA AARON,50.00,00816076637,"BMI     ",02/07/2026,WORKS REGISTRATION,T3385161019,Reconciled
77429725,YOU GLASS BOY,W," ",WHITE JOSHUA CAMRON (MR),50.00,00878203414,"BMI     ",02/07/2026,WORKS REGISTRATION,T3385161019,Reconciled
77433913,LARGE AMOUNT,P,O,SONY ATV SONGS LLC,100.00,00187095633,"BMI     ",02/07/2026,WORKS REGISTRATION,T3385160981,Reconciled
77433913,LARGE AMOUNT,W," ",SORRELL CASADA AARON,50.00,00816076637,"BMI     ",02/07/2026,WORKS REGISTRATION,T3385160981,Reconciled
77433913,LARGE AMOUNT,W," ",WHITE JOSHUA CAMRON (MR),50.00,00878203414,"BMI     ",02/07/2026,WORKS REGISTRATION,T3385160981,Reconciled
77435496,FREE RISKY,P,O,UNKNOWN PUBLISHER,50.00,00288936892,"NA      ",03/04/2026,WORKS REGISTRATION,"           ",Pending Society Review
77435496,FREE RISKY,P,O,SONY ATV SONGS LLC,50.00,00187095633,"BMI     ",03/04/2026,WORKS REGISTRATION,"           ",Pending Society Review
77435496,FREE RISKY,W," ",SORRELL CASADA AARON,50.00,00816076637,"BMI     ",03/04/2026,WORKS REGISTRATION,"           ",Pending Society Review
77435496,FREE RISKY,W," ",WHITE JOSHUA CAMRON (MR),50.00,00878203414,"BMI     ",03/04/2026,WORKS REGISTRATION,"           ",Pending Society Review
77576929,NWO,P,O,SONGS OF VYDIA,50.00,00897672070,"BMI     ",03/06/2026,WORKS REGISTRATION,"           ",
77576929,NWO,P,O,SONGS OF OPPOSITION,0.00,01125143402,"BMI     ",03/06/2026,WORKS REGISTRATION,"           ",
77576929,NWO,W," ",SORRELL CASADA AARON,100.00,00816076637,"BMI     ",03/06/2026,WORKS REGISTRATION,"           ",
77576929,NWO,W," ",MURPHY CHRISTOPHER I MR,50.00,00886143114,"BMI     ",03/06/2026,WORKS REGISTRATION,"           ",
77576997,BIG SHO,P,O,SONGS OF VYDIA,16.66,00897672070,"BMI     ",03/05/2026,WORKS REGISTRATION,"           ",Pending Society Review
77576997,BIG SHO,P,O,SONGS OF OPPOSITION,0.00,01125143402,"BMI     ",03/05/2026,WORKS REGISTRATION,"           ",Pending Society Review
77576997,BIG SHO,W," ",SORRELL CASADA AARON,100.00,00816076637,"BMI     ",03/05/2026,WORKS REGISTRATION,"           ",Pending Society Review
77576997,BIG SHO,W," ",WILLIAMS KEENAN BRAXTON MR,33.34,00854749494,"BMI     ",03/05/2026,WORKS REGISTRATION,"           ",Pending Society Review
77576997,BIG SHO,W," ",MURPHY CHRISTOPHER I MR,16.66,00886143114,"BMI     ",03/05/2026,WORKS REGISTRATION,"           ",Pending Society Review
77576997,BIG SHO,W," ",LEWIS TROY VINCENT,33.34,00890559003,"BMI     ",03/05/2026,WORKS REGISTRATION,"           ",Pending Society Review
